<manifest><control namespace="DynamicTouch.CustomControls" constructor="FileExplorer" version="0.0.1" display-name-key="DynamicTouch.FileExplorer" description-key="File Explorer from DynamicTouch" control-type="standard"><property name="hidden" display-name-key="hidden" description-key="hidden" of-type-group="AllTypes" usage="bound" required="false" hidden="true" /><type-group name="AllTypes"><type>Whole.None</type><type>Whole.Duration</type><type>Whole.TimeZone</type><type>Whole.Language</type><type>TwoOptions</type><type>DateAndTime.DateOnly</type><type>DateAndTime.DateAndTime</type><type>Decimal</type><type>Enum</type><type>FP</type><type>Lookup.Simple</type><type>Lookup.Customer</type><type>Lookup.Owner</type><type>Lookup.PartyList</type><type>Lookup.Regarding</type><type>Multiple</type><type>Currency</type><type>OptionSet</type><type>SingleLine.Email</type><type>SingleLine.Text</type><type>SingleLine.TextArea</type><type>SingleLine.URL</type><type>SingleLine.Ticker</type><type>SingleLine.Phone</type></type-group><type-group name="EntityReference"><type>Lookup.Simple</type><type>Lookup.Customer</type><type>Lookup.Owner</type><type>Lookup.Regarding</type></type-group><resources><code path="bundle.js" order="1" /><css path="layout.css" order="1" /><img path="aac.png" /><img path="ai.png" /><img path="aiff.png" /><img path="avi.png" /><img path="bmp.png" /><img path="c.png" /><img path="cpp.png" /><img path="css.png" /><img path="csv.png" /><img path="dat.png" /><img path="dmg.png" /><img path="doc.png" /><img path="dotx.png" /><img path="dwg.png" /><img path="dxf.png" /><img path="eps.png" /><img path="exe.png" /><img path="flv.png" /><img path="gif.png" /><img path="h.png" /><img path="hpp.png" /><img path="html.png" /><img path="ics.png" /><img path="iso.png" /><img path="java.png" /><img path="jpg.png" /><img path="js.png" /><img path="key.png" /><img path="less.png" /><img path="mid.png" /><img path="mp3.png" /><img path="mp4.png" /><img path="mpg.png" /><img path="odf.png" /><img path="ods.png" /><img path="odt.png" /><img path="otp.png" /><img path="ots.png" /><img path="ott.png" /><img path="pdf.png" /><img path="php.png" /><img path="png.png" /><img path="ppt.png" /><img path="psd.png" /><img path="py.png" /><img path="qt.png" /><img path="rar.png" /><img path="rb.png" /><img path="rtf.png" /><img path="sass.png" /><img path="scss.png" /><img path="sql.png" /><img path="tga.png" /><img path="tgz.png" /><img path="tiff.png" /><img path="txt.png" /><img path="wav.png" /><img path="xls.png" /><img path="xlsx.png" /><img path="xml.png" /><img path="yml.png" /><img path="zip.png" /><img path="_blank.png" /><img path="_page.png" /></resources></control></manifest>